MMI,CDPHE,Revised,Used in MMI,Phylum,Class,Order,Family,Genus,Species,Subspecies,Variety,Form
Achnanthes_coarctata,Achnanthes_coarctata,N,Y,Bacillariophyta,Bacillariophyceae,Achnanthales,Achnanthaceae,Achnanthes,Achnanthes coarctata,,,
Achnanthidium,Achnanthidium,N,Y,Bacillariophyta,Bacillariophyceae,Achnanthales,Achnanthidiaceae,Achnanthidium,,,,
Achnanthidium_affine,Achnanthidium_affine,N,Y,Bacillariophyta,Bacillariophyceae,Achnanthales,Achnanthidiaceae,Achnanthidium,Achnanthidium affine,,,
Achnanthidium_altergracillima,Achnanthidium_altergracillima,N,Y,Bacillariophyta,Bacillariophyceae,Achnanthales,Achnanthidiaceae,Achnanthidium,Achnanthidium altergracillima,,,
Achnanthidium_caledonicum,Achnanthes_minutissima_var._scotica,Y,Y,Bacillariophyta,Bacillariophyceae,Achnanthales,Achnanthidiaceae,Achnanthidium,Achnanthidium caledonicum,,,
Achnanthidium_deflexum,Achnanthidium_deflexum,N,Y,Bacillariophyta,Bacillariophyceae,Achnanthales,Achnanthidiaceae,Achnanthidium,Achnanthidium deflexum,,,
Achnanthidium_exiguum,Achnanthidium_exiguum,N,Y,Bacillariophyta,Bacillariophyceae,Achnanthales,Achnanthidiaceae,Achnanthidium,Achnanthidium exiguum,,,
Achnanthidium_gracillimum,Achnanthidium_gracillimum,N,Y,Bacillariophyta,Bacillariophyceae,Achnanthales,Achnanthidiaceae,Achnanthidium,Achnanthidium gracillimum,,,
Achnanthidium_microcephalum,Achnanthidium_microcephalum,N,Y,Bacillariophyta,Bacillariophyceae,Achnanthales,Achnanthidiaceae,Achnanthidium,Achnanthidium microcephalum,,,
Achnanthidium_minutissimum,Achnanthidium_minutissimum,N,Y,Bacillariophyta,Bacillariophyceae,Achnanthales,Achnanthidiaceae,Achnanthidium,Achnanthidium minutissimum,,,
Achnanthidium_pyrenaicum,Achnanthidium_pyrenaicum,N,Y,Bacillariophyta,Bacillariophyceae,Achnanthales,Achnanthidiaceae,Achnanthidium,Achnanthidium pyrenaicum,,,
Achnanthidium_rivulare,Achnanthidium_rivulare,N,Y,Bacillariophyta,Bacillariophyceae,Achnanthales,Achnanthidiaceae,Achnanthidium,Achnanthidium rivulare,,,
Adlafia,Adlafia,N,Y,Bacillariophyta,Bacillariophyceae,Naviculales,Naviculaceae,Adlafia,,,,
Adlafia_minuscula,Adlafia_minuscula,N,Y,Bacillariophyta,Bacillariophyceae,Naviculales,Naviculaceae,Adlafia,Adlafia minuscula,,,
Amphipleura_pellucida,Amphipleura_pellucida,N,Y,Bacillariophyta,Bacillariophyceae,Naviculales,Amphipleuraceae,Amphipleura,Amphipleura pellucida,,,
Amphora,Amphora,N,Y,Bacillariophyta,Bacillariophyceae,Thalassiophysales,Catenulaceae,Amphora,,,,
Amphora_montana,Amphora_montana,N,Y,Bacillariophyta,Bacillariophyceae,Thalassiophysales,Catenulaceae,Amphora,Amphora montana,,,
Amphora_ovalis,Amphora_ovalis,N,Y,Bacillariophyta,Bacillariophyceae,Thalassiophysales,Catenulaceae,Amphora,Amphora ovalis,,,
Amphora_ovalis_var._affinis,Amphora_ovalis_var._affinis,N,N,Bacillariophyta,Bacillariophyceae,Thalassiophysales,Catenulaceae,Amphora,Amphora ovalis var. affinis,,,
Amphora_pediculus,Amphora_pediculus,N,Y,Bacillariophyta,Bacillariophyceae,Thalassiophysales,Catenulaceae,Amphora,Amphora pediculus,,,
Asterionella_formosa,Asterionella_formosa,N,Y,Bacillariophyta,Bacillariophyceae,Fragilariales,Fragilariaceae,Asterionella,Asterionella formosa,,,
Aulacoseira,Aulacoseira,N,Y,Bacillariophyta,Bacillariophyceae,Aulacoseirales,Aulacoseiraceae,Aulacoseira,,,,
Aulacoseira_alpigena,Aulacoseira_alpigena,N,Y,Bacillariophyta,Bacillariophyceae,Aulacoseirales,Aulacoseiraceae,Aulacoseira,Aulacoseira alpigena,,,
Aulacoseira_ambigua,Aulacoseira_ambigua,N,Y,Bacillariophyta,Bacillariophyceae,Aulacoseirales,Aulacoseiraceae,Aulacoseira,Aulacoseira ambigua,,,
Aulacoseira_italica,Aulacoseira_italica,N,Y,Bacillariophyta,Bacillariophyceae,Aulacoseirales,Aulacoseiraceae,Aulacoseira,Aulacoseira italica,,,
Aulacoseira_italica_var._tenuissima,Aulacoseira_italica_var._tenuissima,N,Y,Bacillariophyta,Bacillariophyceae,Aulacoseirales,Aulacoseiraceae,Aulacoseira,Aulacoseira italica,,Aulacoseira italica var. tenuissima,
Bacillaria_paxillifera,Bacillaria_paradoxa,Y,Y,Bacillariophyta,Bacillariophyceae,Bacillariales,Bacillariaceae,Bacillaria,Bacillaria paxillifera,,,
Brachysira_brebissonii,Brachysira_brebissonii,N,Y,Bacillariophyta,Bacillariophyceae,Naviculales,Brachysiraceae,Brachysira,Brachysira brebissonii,,,
Brachysira_microcephala,Brachysira_microcephala,N,Y,Bacillariophyta,Bacillariophyceae,Naviculales,Brachysiraceae,Brachysira,Brachysira microcephala,,,
Caloneis,Caloneis,N,Y,Bacillariophyta,Bacillariophyceae,Naviculales,Pinnulariaceae,Caloneis,,,,
Caloneis_amphisbaena,Caloneis_amphisbaena,N,Y,Bacillariophyta,Bacillariophyceae,Naviculales,Pinnulariaceae,Caloneis,Caloneis amphisbaena,,,
Caloneis_bacillum,Caloneis_bacillum,N,Y,Bacillariophyta,Bacillariophyceae,Naviculales,Pinnulariaceae,Caloneis,Caloneis bacillum,,,
Caloneis_lewisii,Caloneis_schumanniana,Y,Y,Bacillariophyta,Bacillariophyceae,Naviculales,Pinnulariaceae,Caloneis,Caloneis lewisii,,,
Caloneis_molaris,Caloneis_molaris,N,Y,Bacillariophyta,Bacillariophyceae,Naviculales,Pinnulariaceae,Caloneis,Caloneis molaris,,,
Caloneis_silicula,Caloneis_silicula,N,Y,Bacillariophyta,Bacillariophyceae,Naviculales,Pinnulariaceae,Caloneis,Caloneis silicula,,,
Caloneis_silicula_f._peisonis,Caloneis_silicula_f._peisonis,N,N,Bacillariophyta,Bacillariophyceae,Naviculales,Pinnulariaceae,Caloneis,Caloneis silicula,,,Caloneis_silicula_f._peisonis
Caloneis_ventricosa_var._alpina,Caloneis_silicula_var._alpina,Y,Y,Bacillariophyta,Bacillariophyceae,Naviculales,Pinnulariaceae,Caloneis,Caloneis ventricosa,,Caloneis ventricosa var. alpina,
Campylodiscus,Campylodiscus,N,Y,Bacillariophyta,Bacillariophyceae,Surirellales,Surirellaceae,Campylodiscus,,,,
Cavinula_cocconeiformis,Navicula_cocconeiformis,Y,Y,Bacillariophyta,Bacillariophyceae,Naviculales,Cavinulaceae,Cavinula,Cavinula cocconeiformis,,,
Cavinula_pseudoscutiformis,Cavinula_pseudoscutiformis,N,Y,Bacillariophyta,Bacillariophyceae,Naviculales,Cavinulaceae,Cavinula,Cavinula pseudoscutiformis,,,
Chamaepinnularia,Chamaepinnularia,N,Y,Bacillariophyta,Bacillariophyceae,Naviculales,Naviculaceae,Chamaepinnularia,,,,
Cocconeis_fluviatilis,Cocconeis_fluviatilis,N,Y,Bacillariophyta,Bacillariophyceae,Achnanthales,Achnanthaceae,Cocconeis,Cocconeis fluviatilis,,,
Cocconeis_neothumensis,Cocconeis_neothumensis,N,Y,Bacillariophyta,Bacillariophyceae,Achnanthales,Achnanthaceae,Cocconeis,Cocconeis neothumensis,,,
Cocconeis_pediculus,Cocconeis_pediculus,N,Y,Bacillariophyta,Bacillariophyceae,Achnanthales,Achnanthaceae,Cocconeis,Cocconeis pediculus,,,
Cocconeis_placentula,Cocconies_placentula_var._lineata,Y,Y,Bacillariophyta,Bacillariophyceae,Achnanthales,Achnanthaceae,Cocconeis,Cocconeis placentula,,,
Cocconeis_placentula,Cocconeis_placentula_var._euglypta,Y,Y,Bacillariophyta,Bacillariophyceae,Achnanthales,Achnanthaceae,Cocconeis,Cocconeis placentula,,,
Cocconeis_placentula,Cocconeis_placentula_var._pseudolineata,Y,Y,Bacillariophyta,Bacillariophyceae,Achnanthales,Achnanthaceae,Cocconeis,Cocconeis placentula,,,
Craticula_ambigua,Craticula_ambigua,N,Y,Bacillariophyta,Bacillariophyceae,Naviculales,Stauroneidaceae,Craticula,Craticula ambigua,,,
Craticula_buderi,Craticula_buderi,N,Y,Bacillariophyta,Bacillariophyceae,Naviculales,Stauroneidaceae,Craticula,Craticula buderi,,,
Craticula_cuspidata,Craticula_cuspidata,N,Y,Bacillariophyta,Bacillariophyceae,Naviculales,Stauroneidaceae,Craticula,Craticula cuspidata,,,
Craticula_halophila,Craticula_halophila,N,Y,Bacillariophyta,Bacillariophyceae,Naviculales,Stauroneidaceae,Craticula,Craticula halophila,,,
Craticula_subminuscula,Navicula_subminuscula,Y,Y,Bacillariophyta,Bacillariophyceae,Naviculales,Stauroneidaceae,Craticula,Craticula subminuscula,,,
Ctenophora_pulchella,Ctenophora_pulchella,N,Y,Bacillariophyta,Bacillariophyceae,Fragilariales,Fragilariaceae,Ctenophora,Ctenophora pulchella,,,
Cyclostephanos,Cyclostephanos,N,Y,Bacillariophyta,Bacillariophyceae,Thalassiosirales,Stephanodiscaceae,Cyclostephanos,,,,
Cyclotella_comensis,Cyclotella_comensis,N,Y,Bacillariophyta,Bacillariophyceae,Thalassiosirales,Stephanodiscaceae,Cyclotella,Cyclotella comensis,,,
Cyclotella_meneghiniana,Stephanocyclus_meneghiniana,Y,Y,Bacillariophyta,Bacillariophyceae,Thalassiosirales,Stephanodiscaceae,Cyclotella,Cyclotella meneghiniana,,,
Cylindrotheca_closterium,Cylindrotheca_closterium,N,Y,Bacillariophyta,Bacillariophyceae,Bacillariales,Bacillariaceae,Cylindrotheca,Cylindrotheca closterium,,,
Cylindrotheca_gracilis,Cylindrotheca_gracilis,N,Y,Bacillariophyta,Bacillariophyceae,Bacillariales,Bacillariaceae,Cylindrotheca,Cylindrotheca gracilis,,,
Cymatopleura_elliptica,Cymatopleura_elliptica,N,Y,Bacillariophyta,Bacillariophyceae,Surirellales,Surirellaceae,Cymatopleura,Cymatopleura elliptica,,,
Cymatopleura_solea,Cymatopleura_solea,N,Y,Bacillariophyta,Bacillariophyceae,Surirellales,Surirellaceae,Cymatopleura,Cymatopleura solea,,,
Cymbella,Cymbella,N,Y,Bacillariophyta,Bacillariophyceae,Cymbellales,Cymbellaceae,Cymbella,,,,
Cymbella_affinis,Cymbella_excisa,Y,Y,Bacillariophyta,Bacillariophyceae,Cymbellales,Cymbellaceae,Cymbella,Cymbella affinis,,,
Cymbella_affinis,Cymbella_affinis,N,Y,Bacillariophyta,Bacillariophyceae,Cymbellales,Cymbellaceae,Cymbella,Cymbella affinis,,,
Cymbella_affinis,Cymbella_excisa,Y,Y,Bacillariophyta,Bacillariophyceae,Cymbellales,Cymbellaceae,Cymbella,Cymbella affinis,,,
Cymbella_affinis,Cymbella_excisa_var._subcapitata,Y,Y,Bacillariophyta,Bacillariophyceae,Cymbellales,Cymbellaceae,Cymbella,Cymbella affinis,,,
Cymbella_aspera,Cymbella_aspera,N,Y,Bacillariophyta,Bacillariophyceae,Cymbellales,Cymbellaceae,Cymbella,Cymbella aspera,,,
Cymbella_cymbiformis,Cymbella_cymbiformis,N,Y,Bacillariophyta,Bacillariophyceae,Cymbellales,Cymbellaceae,Cymbella,Cymbella cymbiformis,,,
Cymbella_ehrenbergii,Cymbella_ehrenbergii,N,Y,Bacillariophyta,Bacillariophyceae,Cymbellales,Cymbellaceae,Cymbella,Cymbella ehrenbergii,,,
Cymbella_excisa_var._procera,Cymbella_excisa_var._procera,N,N,Bacillariophyta,Bacillariophyceae,Cymbellales,Cymbellaceae,Cymbella,Cymbella excisa,,Cymbella excisa var. procera,
Cymbella_hustedtii,Cymbella_hustedtii,N,Y,Bacillariophyta,Bacillariophyceae,Cymbellales,Cymbellaceae,Cymbella,Cymbella hustedtii,,,
Cymbella_janischii,Cymbella_mexicana_var._janischii,Y,Y,Bacillariophyta,Bacillariophyceae,Cymbellales,Cymbellaceae,Cymbella,Cymbella janischii,,,
Cymbella_laevis,Cymbella_laevis,N,Y,Bacillariophyta,Bacillariophyceae,Cymbellales,Cymbellaceae,Cymbella,Cymbella laevis,,,
Cymbella_lanceolata,Cymbella_lanceolata,N,Y,Bacillariophyta,Bacillariophyceae,Cymbellales,Cymbellaceae,Cymbella,Cymbella lanceolata,,,
Cymbella_mexicana,Cymbella_mexicana,N,Y,Bacillariophyta,Bacillariophyceae,Cymbellales,Cymbellaceae,Cymbella,Cymbella mexicana,,,
Cymbella_neocistula,Cymbella_neocistula,N,Y,Bacillariophyta,Bacillariophyceae,Cymbellales,Cymbellaceae,Cymbella,Cymbella neocistula,,,
Cymbella_neoleptoceros,Cymbella_neoleptoceros,N,Y,Bacillariophyta,Bacillariophyceae,Cymbellales,Cymbellaceae,Cymbella,Cymbella neoleptoceros,,,
Cymbella_proxima,Cymbella_proxima,N,Y,Bacillariophyta,Bacillariophyceae,Cymbellales,Cymbellaceae,Cymbella,Cymbella proxima,,,
Cymbella_subhelvetica,Cymbella_subhelvetica,N,N,Bacillariophyta,Bacillariophyceae,Cymbellales,Cymbellaceae,Cymbella,Cymbella subhelvetica,,,
Cymbella_subturgidula,Cymbella_subturgidula,N,Y,Bacillariophyta,Bacillariophyceae,Cymbellales,Cymbellaceae,Cymbella,Cymbella subturgidula,,,
Cymbella_tumida,Cymbella_tumida,N,Y,Bacillariophyta,Bacillariophyceae,Cymbellales,Cymbellaceae,Cymbella,Cymbella tumida,,,
Cymbella_turgidula,Cymbella_turgidula,N,Y,Bacillariophyta,Bacillariophyceae,Cymbellales,Cymbellaceae,Cymbella,Cymbella turgidula,,,
Cymbopleura,Cymbopleura,N,Y,Bacillariophyta,Bacillariophyceae,Cymbellales,Cymbellaceae,Cymbopleura,,,,
Cymbopleura_naviculiformis,Cymbopleura_naviculiformis,N,Y,Bacillariophyta,Bacillariophyceae,Cymbellales,Cymbellaceae,Cymbopleura,Cymbopleura naviculiformis,,,
Denticula,Denticula,N,Y,Bacillariophyta,Bacillariophyceae,Bacillariales,Bacillariaceae,Denticula,,,,
Denticula_kuetzingii,Denticula_obtusa._Nitzschia_denticula,Y,Y,Bacillariophyta,Bacillariophyceae,Bacillariales,Bacillariaceae,Denticula,Denticula kuetzingii,,,
Diadesmis_perpusilla,Diadesmis_perpusilla,N,Y,Bacillariophyta,Bacillariophyceae,Naviculales,Diadesmidaceae,Diadesmis,Diadesmis perpusilla,,,
Diatoma_anceps,Diatoma_anceps,N,Y,Bacillariophyta,Bacillariophyceae,Fragilariales,Fragilariaceae,Diatoma,Diatoma anceps,,,
Diatoma_hyemalis,Diatoma_hiemale,Y,Y,Bacillariophyta,Bacillariophyceae,Fragilariales,Fragilariaceae,Diatoma,Diatoma hyemalis,,,
Diatoma_mesodon,Diatoma_mesodon,N,Y,Bacillariophyta,Bacillariophyceae,Fragilariales,Fragilariaceae,Diatoma,Diatoma mesodon,,,
Diatoma_moniliformis,Diatoma_moniliformis,N,Y,Bacillariophyta,Bacillariophyceae,Fragilariales,Fragilariaceae,Diatoma,Diatoma moniliformis,,,
Diatoma_tenuis,Diatoma_tenuis,N,Y,Bacillariophyta,Bacillariophyceae,Fragilariales,Fragilariaceae,Diatoma,Diatoma tenuis,,,
Diatoma_vulgaris,Diatoma_vulgaris,N,Y,Bacillariophyta,Bacillariophyceae,Fragilariales,Fragilariaceae,Diatoma,Diatoma vulgaris,,,
Didymosphenia_geminata,Didymosphenia_geminata,N,Y,Bacillariophyta,Bacillariophyceae,Cymbellales,Cymbellaceae,Didymosphenia,Didymosphenia geminata,,,
Diploneis,Diploneis,N,Y,Bacillariophyta,Bacillariophyceae,Naviculales,Diploneidaceae,Diploneis,,,,
Diploneis_elliptica,Diploneis_elliptica,N,Y,Bacillariophyta,Bacillariophyceae,Naviculales,Diploneidaceae,Diploneis,Diploneis elliptica,,,
Diploneis_finnica,Diploneis_finnica,N,Y,Bacillariophyta,Bacillariophyceae,Naviculales,Diploneidaceae,Diploneis,Diploneis finnica,,,
Diploneis_oblongella,Diploneis_oblongella,N,Y,Bacillariophyta,Bacillariophyceae,Naviculales,Diploneidaceae,Diploneis,Diploneis oblongella,,,
Diploneis_ovalis,Diploneis_ovalis,N,Y,Bacillariophyta,Bacillariophyceae,Naviculales,Diploneidaceae,Diploneis,Diploneis ovalis,,,
Diploneis_parma,Diploneis_parma,N,Y,Bacillariophyta,Bacillariophyceae,Naviculales,Diploneidaceae,Diploneis,Diploneis parma,,,
Diploneis_pseudovalis,Diploneis_pseudovalis,N,Y,Bacillariophyta,Bacillariophyceae,Naviculales,Diploneidaceae,Diploneis,Diploneis pseudovalis,,,
Diploneis_puella,Diploneis_puella,N,Y,Bacillariophyta,Bacillariophyceae,Naviculales,Diploneidaceae,Diploneis,Diploneis puella,,,
Discostella_glomerata,Discostella_glomerata,N,Y,Bacillariophyta,Bacillariophyceae,Thalassiosirales,Thalassiosiraceae,Discostella,Discostella glomerata,,,
Discostella_stelligera,Discostella_stelligera,N,Y,Bacillariophyta,Bacillariophyceae,Thalassiosirales,Thalassiosiraceae,Discostella,Discostella stelligera,,,
Encyonema,Encyonema,N,Y,Bacillariophyta,Bacillariophyceae,Cymbellales,Cymbellaceae,Encyonema,,,,
Encyonema_brehmii,Cymbella_brehmii,Y,Y,Bacillariophyta,Bacillariophyceae,Cymbellales,Cymbellaceae,Encyonema,Encyonema brehmii,,,
Encyonema_caespitosum,Encyonema_cespitosum,Y,Y,Bacillariophyta,Bacillariophyceae,Cymbellales,Cymbellaceae,Encyonema,Encyonema caespitosum,,,
Encyonema_latens,Encyonema_latens,N,Y,Bacillariophyta,Bacillariophyceae,Cymbellales,Cymbellaceae,Encyonema,Encyonema latens,,,
Encyonema_leibleinii,Encyonema_prostratrum,Y,Y,Bacillariophyta,Bacillariophyceae,Cymbellales,Cymbellaceae,Encyonema,Encyonema leibleinii,,,
Encyonema_minutum,Encyonema_minutum,N,Y,Bacillariophyta,Bacillariophyceae,Cymbellales,Cymbellaceae,Encyonema,Encyonema minutum,,,
Encyonema_reichardtii,Encyonema_reichardtii,N,Y,Bacillariophyta,Bacillariophyceae,Cymbellales,Cymbellaceae,Encyonema,Encyonema reichardtii,,,
Encyonema_reichardtii,Encyonopsis_reichardtii,Y,Y,Bacillariophyta,Bacillariophyceae,Cymbellales,Cymbellaceae,Encyonema,Encyonema reichardtii,,,
Encyonema_reimeri,Encyonema_muelleri,Y,Y,Bacillariophyta,Bacillariophyceae,Cymbellales,Cymbellaceae,Encyonema,Encyonema reimeri,,,
Encyonema_silesiacum,Encyonema_silesiacum,N,Y,Bacillariophyta,Bacillariophyceae,Cymbellales,Cymbellaceae,Encyonema,Encyonema silesiacum,,,
Encyonema_temperei,Encyonema_ventricosum,Y,N,Bacillariophyta,Bacillariophyceae,Cymbellales,Cymbellaceae,Encyonema,Encyonema temperei,,,
Encyonema_triangulum,Encyonema_triangulum,N,Y,Bacillariophyta,Bacillariophyceae,Cymbellales,Cymbellaceae,Encyonema,Encyonema triangulum,,,
Encyonema_yellowstonianum,Encyonema_yellowstonianum,N,N,Bacillariophyta,Bacillariophyceae,Cymbellales,Cymbellaceae,Encyonema,Encyonema yellowstonianum,,,
Encyonopsis_cesatii,Encyonopsis_cesatii,N,Y,Bacillariophyta,Bacillariophyceae,Cymbellales,Cymbellaceae,Encyonopsis,Encyonopsis cesatii,,,
Encyonopsis_microcephala,Encyonopsis_microcephala,N,Y,Bacillariophyta,Bacillariophyceae,Cymbellales,Cymbellaceae,Encyonopsis,Encyonopsis microcephala,,,
Encyonopsis_neerlandica,Encyonopsis_neerlandica,N,Y,Bacillariophyta,Bacillariophyceae,Cymbellales,Cymbellaceae,Encyonopsis,Encyonopsis neerlandica,,,
Encyonopsis_subminuta,Encyonopsis_subminuta,N,Y,Bacillariophyta,Bacillariophyceae,Cymbellales,Cymbellaceae,Encyonopsis,Encyonopsis subminuta,,,
Entomoneis_paludosa,Entomoneis_paludosa,N,Y,Bacillariophyta,Bacillariophyceae,Surirellales,Entomoneidaceae,Entomoneis,Entomoneis paludosa,,,
Epithemia_adnata,Epithemia_adnata,N,Y,Bacillariophyta,Bacillariophyceae,Rhopalodiales,Rhopalodiaceae,Epithemia,Epithemia adnata,,,
Epithemia_adnata_var._saxonica,Epithemia_adnata_var._saxonica,N,N,Bacillariophyta,Bacillariophyceae,Rhopalodiales,Rhopalodiaceae,Epithemia,Epithemia adnata,,Epithemia adnata var. saxonica,
Epithemia_alpestris,Epithemia_argus_var._alpestris,Y,N,Bacillariophyta,Bacillariophyceae,Rhopalodiales,Rhopalodiaceae,Epithemia,Epithemia alpestris,,,
Epithemia_argus,Epithemia_argus,N,Y,Bacillariophyta,Bacillariophyceae,Rhopalodiales,Rhopalodiaceae,Epithemia,Epithemia argus,,,
Epithemia_sorex,Epithemia_sorex,N,Y,Bacillariophyta,Bacillariophyceae,Rhopalodiales,Rhopalodiaceae,Epithemia,Epithemia sorex,,,
Epithemia_turgida,Epithemia_turgida,N,Y,Bacillariophyta,Bacillariophyceae,Rhopalodiales,Rhopalodiaceae,Epithemia,Epithemia turgida,,,
Epithemia_turgida_var._granulata,Epithemia_turgida_var._granulata,N,Y,Bacillariophyta,Bacillariophyceae,Rhopalodiales,Rhopalodiaceae,Epithemia,Epithemia turgida,,Epithemia turgida var. granulata,
Epithemia_turgida_var._westermannii,Epithemia_turgida_var._westermannii,N,Y,Bacillariophyta,Bacillariophyceae,Rhopalodiales,Rhopalodiaceae,Epithemia,Epithemia turgida,,Epithemia turgida var. westermannii,
Eucocconeis_flexella,Eucocconeis_flexella,N,Y,Bacillariophyta,Bacillariophyceae,Achnanthales,Achnanthidiaceae,Eucocconeis,Eucocconeis flexella,,,
Eucocconeis_laevis,Eucocconeis_laevis,N,Y,Bacillariophyta,Bacillariophyceae,Achnanthales,Achnanthidiaceae,Eucocconeis,Eucocconeis laevis,,,
Eunotia,Eunotia,N,Y,Bacillariophyta,Bacillariophyceae,Eunotiales,Eunotiaceae,Eunotia,Eunotia,,,
Eunotia_arcus,Eunotia_arcus,N,Y,Bacillariophyta,Bacillariophyceae,Eunotiales,Eunotiaceae,Eunotia,Eunotia arcus,,,
Eunotia_bilunaris,Eunotia_bilunaris,N,Y,Bacillariophyta,Bacillariophyceae,Eunotiales,Eunotiaceae,Eunotia,Eunotia bilunaris,,,
Eunotia_boreoalpina,Eunotia_boreoalpina,N,N,Bacillariophyta,Bacillariophyceae,Eunotiales,Eunotiaceae,Eunotia,Eunotia boreoalpina,,,
Eunotia_boreotenuis,Eunotia_boreotenuis,N,N,Bacillariophyta,Bacillariophyceae,Eunotiales,Eunotiaceae,Eunotia,Eunotia boreotenuis,,,
Eunotia_incisa,Eunotia_incisa,N,Y,Bacillariophyta,Bacillariophyceae,Eunotiales,Eunotiaceae,Eunotia,Eunotia incisa,,,
Eunotia_metamonodon,Eunotia_metamonodon,N,Y,Bacillariophyta,Bacillariophyceae,Eunotiales,Eunotiaceae,Eunotia,Eunotia metamonodon,,,
Eunotia_minor,Eunotia_pectinalis_var._minor,Y,Y,Bacillariophyta,Bacillariophyceae,Eunotiales,Eunotiaceae,Eunotia,Eunotia minor,,,
Eunotia_pectinalis,Eunotia_pectinalis,N,Y,Bacillariophyta,Bacillariophyceae,Eunotiales,Eunotiaceae,Eunotia,Eunotia pectinalis,,,
Eunotia_praerupta,Eunotia_praerupta,N,Y,Bacillariophyta,Bacillariophyceae,Eunotiales,Eunotiaceae,Eunotia,Eunotia praerupta,,,
Eunotia_soleirolii,Eunotia_soleirolii,N,Y,Bacillariophyta,Bacillariophyceae,Eunotiales,Eunotiaceae,Eunotia,Eunotia soleirolii,,,
Eunotia_tenella,Eunotia_tenella,N,Y,Bacillariophyta,Bacillariophyceae,Eunotiales,Eunotiaceae,Eunotia,Eunotia tenella,,,
Fallacia_pygmaea,Fallacia_pygmaea,N,Y,Bacillariophyta,Bacillariophyceae,Naviculales,Sellaphoraceae,Fallacia,Fallacia pygmaea,,,
Fallacia_tenera,Navicula_tenera,Y,Y,Bacillariophyta,Bacillariophyceae,Naviculales,Sellaphoraceae,Fallacia,Fallacia tenera,,,
Fragilaria,Fragilaria,N,Y,Bacillariophyta,Bacillariophyceae,Fragilariales,Fragilariaceae,Fragilaria,,,,
Fragilaria_capucina,Fragilaria_capucina,N,Y,Bacillariophyta,Bacillariophyceae,Fragilariales,Fragilariaceae,Fragilaria,Fragilaria capucina,,,
Fragilaria_capucina_var._fragilarioides,Synedra_rumpens_var._fragilarioides,Y,Y,Bacillariophyta,Bacillariophyceae,Fragilariales,Fragilariaceae,Fragilaria,Fragilaria capucina,,Fragilaria capucina var. fragilarioides,
Fragilaria_capucina_var._mesolepta,Fragilaria_capucina_var._mesolepta,N,Y,Bacillariophyta,Bacillariophyceae,Fragilariales,Fragilariaceae,Fragilaria,Fragilaria capucina,,Fragilaria capucina var. mesolepta,NA
Fragilaria_crotonensis,Fragilaria_crotonensis,N,Y,Bacillariophyta,Bacillariophyceae,Fragilariales,Fragilariaceae,Fragilaria,Fragilaria crotonensis,,,
Fragilaria_perminuta,Fragilaria_perminuta,N,Y,Bacillariophyta,Bacillariophyceae,Fragilariales,Fragilariaceae,Fragilaria,Fragilaria perminuta,,,
Fragilaria_radians,Synedra_radians,Y,Y,Bacillariophyta,Bacillariophyceae,Fragilariales,Fragilariaceae,Fragilaria,Fragilaria radians,,,
Fragilaria_tenera,Synedra_tenera,Y,Y,Bacillariophyta,Bacillariophyceae,Fragilariales,Fragilariaceae,Fragilaria,Fragilaria tenera,,,
Fragilaria_vaucheriae,Fragilaria_vaucheriae,N,Y,Bacillariophyta,Bacillariophyceae,Fragilariales,Fragilariaceae,Fragilaria,Fragilaria vaucheriae,,,
Fragilaria_vaucheriae_var._capitellata,Fragilaria_vaucheriae_var._capitellata,N,Y,Bacillariophyta,Bacillariophyceae,Fragilariales,Fragilariaceae,Fragilaria,Fragilaria vaucheriae,,Fragilaria vaucheriae var. capitellata,
Frustulia,Frustulia,N,Y,Bacillariophyta,Bacillariophyceae,Naviculales,Amphipleuraceae,Frustulia,,,,
Frustulia_amphipleuroides,Frustulia_rhomboides_var._amphipleuroides,Y,Y,Bacillariophyta,Bacillariophyceae,Naviculales,Amphipleuraceae,Frustulia,Frustulia amphipleuroides,,,
Frustulia_rhomboides,Frustulia_rhomboides,N,Y,Bacillariophyta,Bacillariophyceae,Naviculales,Amphipleuraceae,Frustulia,Frustulia rhomboides,,,
Frustulia_saxonica,Frustulia_saxonica,N,Y,Bacillariophyta,Bacillariophyceae,Naviculales,Amphipleuraceae,Frustulia,Frustulia saxonica,,,
Frustulia_vulgaris,Frustulia_vulgaris,N,Y,Bacillariophyta,Bacillariophyceae,Naviculales,Amphipleuraceae,Frustulia,Frustulia vulgaris,,,
Geissleria_decussis,Geissleria_decussis,N,Y,Bacillariophyta,Bacillariophyceae,Naviculales,Naviculaceae,Geissleria,Geissleria decussis,,,
Gomphoneis,Gomphoneis,N,Y,Bacillariophyta,Bacillariophyceae,Cymbellales,Gomphonemataceae,Gomphoneis,,,,
Gomphoneis_eriense,Gomphoneis_eriensis,Y,Y,Bacillariophyta,Bacillariophyceae,Cymbellales,Gomphonemataceae,Gomphoneis,Gomphoneis eriense,,,
Gomphoneis_eriense_var._variabilis,Gomphoneis_eriensis_var._variabilis,Y,Y,Bacillariophyta,Bacillariophyceae,Cymbellales,Gomphonemataceae,Gomphoneis,Gomphoneis eriense,,Gomphoneis eriense var. variabilis,
Gomphoneis_herculeana,Gomphoneis_herculeana,N,Y,Bacillariophyta,Bacillariophyceae,Cymbellales,Gomphonemataceae,Gomphoneis,Gomphoneis herculeana,,,
Gomphoneis_minuta,Gomphoneis_minuta,N,Y,Bacillariophyta,Bacillariophyceae,Cymbellales,Gomphonemataceae,Gomphoneis,Gomphoneis minuta,,,
Gomphonella_olivacea,Gomphoneis_olivacea,Y,Y,Bacillariophyta,Bacillariophyceae,Cymbellales,Gomphonemataceae,Gomphonella,Gomphonella olivacea,,,
Gomphonema,Gomphonema_americana,Y,Y,Bacillariophyta,Bacillariophyceae,Cymbellales,Gomphonemataceae,Gomphonema,,,,
Gomphonema,Gomphonema,N,Y,Bacillariophyta,Bacillariophyceae,Cymbellales,Gomphonemataceae,Gomphonema,,,,
Gomphonema_acuminatum,Gomphonema_acuminatum,N,Y,Bacillariophyta,Bacillariophyceae,Cymbellales,Gomphonemataceae,Gomphonema,Gomphonema acuminatum,,,
Gomphonema_affine,Gomphonema_affine,N,Y,Bacillariophyta,Bacillariophyceae,Cymbellales,Gomphonemataceae,Gomphonema,Gomphonema affine,,,
Gomphonema_amerhombicum,Gomphonema_amerhombicum,N,Y,Bacillariophyta,Bacillariophyceae,Cymbellales,Gomphonemataceae,Gomphonema,Gomphonema amerhombicum,,,
Gomphonema_americobtusatum,Gomphonema_americobtusatum,N,Y,Bacillariophyta,Bacillariophyceae,Cymbellales,Gomphonemataceae,Gomphonema,Gomphonema americobtusatum,,,
Gomphonema_anglicum,Gomphonema_anglicum,N,N,Bacillariophyta,Bacillariophyceae,Cymbellales,Gomphonemataceae,Gomphonema,Gomphonema anglicum,,,
Gomphonema_angustatum,Gomphonema_angustatum,N,Y,Bacillariophyta,Bacillariophyceae,Cymbellales,Gomphonemataceae,Gomphonema,Gomphonema angustatum,,,
Gomphonema_angustatum_var._citera,Gomphonema_citera,Y,Y,Bacillariophyta,Bacillariophyceae,Cymbellales,Gomphonemataceae,Gomphonema,Gomphonema angustatum,,Gomphonema angustatum var. citera,
Gomphonema_bipunctatum,Gomphonema_bipunctatum,N,Y,Bacillariophyta,Bacillariophyceae,Cymbellales,Gomphonemataceae,Gomphonema,Gomphonema bipunctatum,,,
Gomphonema_capsulare,Gomphonema_capsulare,N,N,Bacillariophyta,Bacillariophyceae,Cymbellales,Gomphonemataceae,Gomphonema,Gomphonema capsulare,,,
Gomphonema_clavatum,Gomphonema_clavatum,N,Y,Bacillariophyta,Bacillariophyceae,Cymbellales,Gomphonemataceae,Gomphonema,Gomphonema clavatum,,,
Gomphonema_clevei,Gomphonema_clevei,N,N,Bacillariophyta,Bacillariophyceae,Cymbellales,Gomphonemataceae,Gomphonema,Gomphonema clevei,,,
Gomphonema_coronatum,Gomphonema_coronatum,N,Y,Bacillariophyta,Bacillariophyceae,Cymbellales,Gomphonemataceae,Gomphonema,Gomphonema coronatum,,,
Gomphonema_entolejum,Gomphonema_entolejum,N,Y,Bacillariophyta,Bacillariophyceae,Cymbellales,Gomphonemataceae,Gomphonema,Gomphonema entolejum,,,
Gomphonema_exilissimum,Gomphonema_exilissimum,N,Y,Bacillariophyta,Bacillariophyceae,Cymbellales,Gomphonemataceae,Gomphonema,Gomphonema exilissimum,,,
Gomphonema_exilissimum,Gomphonema_parvulum_var._exilissimum,Y,Y,Bacillariophyta,Bacillariophyceae,Cymbellales,Gomphonemataceae,Gomphonema,Gomphonema exilissimum,,,
Gomphonema_grunowii,Gomphonema_grunowii,N,Y,Bacillariophyta,Bacillariophyceae,Cymbellales,Gomphonemataceae,Gomphonema,Gomphonema grunowii,,,
Gomphonema_insigne,Gomphonema_insigne,N,Y,Bacillariophyta,Bacillariophyceae,Cymbellales,Gomphonemataceae,Gomphonema,Gomphonema insigne,,,
Gomphonema_intricatum,Gomphonema_intricatum,N,Y,Bacillariophyta,Bacillariophyceae,Cymbellales,Gomphonemataceae,Gomphonema,Gomphonema intricatum,,,
Gomphonema_intricatum_var._vibrio,Gomphonema_intricatum_var._vibrio,N,Y,Bacillariophyta,Bacillariophyceae,Cymbellales,Gomphonemataceae,Gomphonema,Gomphonema intricatum,,Gomphonema intricatum var. vibrio,
Gomphonema_maclaughlinii,Gomphonema_maclaughlinii,N,Y,Bacillariophyta,Bacillariophyceae,Cymbellales,Gomphonemataceae,Gomphonema,Gomphonema maclaughlinii,,,
Gomphonema_mexicanum,Gomphonema_mexicanum,N,Y,Bacillariophyta,Bacillariophyceae,Cymbellales,Gomphonemataceae,Gomphonema,Gomphonema mexicanum,,,
Gomphonema_micropumilum,Gomphonema_micropumilum,N,Y,Bacillariophyta,Bacillariophyceae,Cymbellales,Gomphonemataceae,Gomphonema,Gomphonema micropumilum,,,
Gomphonema_micropus,Gomphonema_micropus,N,Y,Bacillariophyta,Bacillariophyceae,Cymbellales,Gomphonemataceae,Gomphonema,Gomphonema micropus,,,
Gomphonema_minutum,Gomphonema_minutum,N,Y,Bacillariophyta,Bacillariophyceae,Cymbellales,Gomphonemataceae,Gomphonema,Gomphonema minutum,,,
Gomphonema_olivaceoides,Gomphonema_olivaceoides,N,Y,Bacillariophyta,Bacillariophyceae,Cymbellales,Gomphonemataceae,Gomphonema,Gomphonema olivaceoides,,,
Gomphonema_parvulum,Gomphonema_parvulum,N,Y,Bacillariophyta,Bacillariophyceae,Cymbellales,Gomphonemataceae,Gomphonema,Gomphonema parvulum,,,
Gomphonema_pumilum,Gomphonema_pumilum,N,Y,Bacillariophyta,Bacillariophyceae,Cymbellales,Gomphonemataceae,Gomphonema,Gomphonema pumilum,,,
Gomphonema_rhombicum,Gomphonema_rhombicum,N,Y,Bacillariophyta,Bacillariophyceae,Cymbellales,Gomphonemataceae,Gomphonema,Gomphonema rhombicum,,,
Gomphonema_sphaerophorum,Gomphonema_sphaerophorum,N,Y,Bacillariophyta,Bacillariophyceae,Cymbellales,Gomphonemataceae,Gomphonema,Gomphonema sphaerophorum,,,
Gomphonema_stoermeri,Gomphonema_stoermeri,N,Y,Bacillariophyta,Bacillariophyceae,Cymbellales,Gomphonemataceae,Gomphonema,Gomphonema stoermeri,,,
Gomphonema_subclavatum,Gomphonema_subclavatum,N,Y,Bacillariophyta,Bacillariophyceae,Cymbellales,Gomphonemataceae,Gomphonema,Gomphonema subclavatum,,,
Gomphonema_truncatum,Gomphonema_truncatum,N,Y,Bacillariophyta,Bacillariophyceae,Cymbellales,Gomphonemataceae,Gomphonema,Gomphonema truncatum,,,
Gomphonema_truncatum,Gomphonema_truncatum,N,Y,Bacillariophyta,Bacillariophyceae,Cymbellales,Gomphonemataceae,Gomphonema,Gomphonema truncatum,,,
Gomphonema_truncatum_var._capitatum,Gomphonema_truncatum_var._capitatum,N,Y,Bacillariophyta,Bacillariophyceae,Cymbellales,Gomphonemataceae,Gomphonema,Gomphonema truncatum,,Gomphonema truncatum var. capitatum,
Gomphosphenia_praegnans,Gomphonema_praegnans,Y,Y,Bacillariophyta,Bacillariophyceae,Cymbellales,Gomphonemataceae,Gomphosphenia,Gomphosphenia praegnans,,,
Grunowia_solgensis,Nitzschia_sinuata_var._delognei,Y,Y,Bacillariophyta,Bacillariophyceae,Bacillariales,Bacillariaceae,Grunowia,Grunowia solgensis,,,
Grunowia_tabellaria,Nitzschia_sinuata_var._tabellaria,Y,Y,Bacillariophyta,Bacillariophyceae,Bacillariales,Bacillariaceae,Grunowia,Grunowia tabellaria,,,
Gyrosigma,Gyrosigma,N,Y,Bacillariophyta,Bacillariophyceae,Naviculales,Pleurosigmataceae,Gyrosigma,,,,
Gyrosigma_acuminatum,Gyrosigma_acuminatum,N,Y,Bacillariophyta,Bacillariophyceae,Naviculales,Pleurosigmataceae,Gyrosigma,Gyrosigma acuminatum,,,
Gyrosigma_attenuatum,Gyrosigma_attenuatum,N,Y,Bacillariophyta,Bacillariophyceae,Naviculales,Pleurosigmataceae,Gyrosigma,Gyrosigma attenuatum,,,
Gyrosigma_scalproides,Gyrosigma_scalproides,N,Y,Bacillariophyta,Bacillariophyceae,Naviculales,Pleurosigmataceae,Gyrosigma,Gyrosigma scalproides,,,
Halamphora,Halamphora,N,Y,Bacillariophyta,Bacillariophyceae,Thalassiophysales,Catenulaceae,Halamphora,,,,
Halamphora_coffeaeformis,Amphora_coffeaeformis,Y,Y,Bacillariophyta,Bacillariophyceae,Thalassiophysales,Catenulaceae,Halamphora,Halamphora coffeaeformis,,,
Halamphora_coloradiana,Halamphora_coloradiana,N,N,Bacillariophyta,Bacillariophyceae,Thalassiophysales,Catenulaceae,Halamphora,Halamphora coloradiana,,,
Halamphora_holsatica,Amphora_holsatica,Y,Y,Bacillariophyta,Bacillariophyceae,Thalassiophysales,Catenulaceae,Halamphora,Halamphora holsatica,,,
Halamphora_veneta,Amphora_veneta,Y,Y,Bacillariophyta,Bacillariophyceae,Thalassiophysales,Catenulaceae,Halamphora,Halamphora veneta,,,
Hannaea_arcus,Hannaea_arcus_var._arcus,Y,Y,Bacillariophyta,Bacillariophyceae,Fragilariales,Fragilariaceae,Hannaea,Hannaea arcus,,,
Hannaea_arcus_var._amphioxys,Hannaea_arcus_var._amphioxys,N,Y,Bacillariophyta,Bacillariophyceae,Fragilariales,Fragilariaceae,Hannaea,Hannaea arcus,,Hannaea arcus var. amphioxys,
Hantzschia_amphioxys,Hantzschia_amphioxys,N,Y,Bacillariophyta,Bacillariophyceae,Bacillariales,Bacillariaceae,Hantzschia,Hantzschia amphioxys,,,
Hippodonta_capitata,Hippodonta_capitata,N,Y,Bacillariophyta,Bacillariophyceae,Naviculales,Naviculaceae,Hippodonta,Hippodonta capitata,,,
Hippodonta_hungarica,Hippodonta_hungarica,N,Y,Bacillariophyta,Bacillariophyceae,Naviculales,Naviculaceae,Hippodonta,Hippodonta hungarica,,,
Humidophila_contenta,Navicula_contenta,Y,Y,Bacillariophyta,Bacillariophyceae,Naviculales,Diadesmidaceae,Humidophila,Humidophila contenta,,,
Karayevia,Karayevia,N,Y,Bacillariophyta,Bacillariophyceae,Achnanthales,Achnanthaceae,Karayevia,,,,
Karayevia_clevei,Karayevia_clevei,N,Y,Bacillariophyta,Bacillariophyceae,Achnanthales,Achnanthaceae,Karayevia,Karayevia clevei,,,
Karayevia_laterostrata,Karayevia_laterostrata,N,Y,Bacillariophyta,Bacillariophyceae,Achnanthales,Achnanthaceae,Karayevia,Karayevia laterostrata,,,
Karayevia_ploenensis,Achnanthes_ploenensis,Y,Y,Bacillariophyta,Bacillariophyceae,Achnanthales,Achnanthaceae,Karayevia,Karayevia ploenensis,,,
Luticola_frequentissima,Luticola_frequentissima,N,N,Bacillariophyta,Bacillariophyceae,Naviculales,Diadesmidaceae,Luticola,Luticola frequentissima,,,
Luticola_goeppertiana,Luticola_goeppertiana,N,Y,Bacillariophyta,Bacillariophyceae,Naviculales,Diadesmidaceae,Luticola,Luticola goeppertiana,,,
Luticola_mutica,Luticola_mutica,N,Y,Bacillariophyta,Bacillariophyceae,Naviculales,Diadesmidaceae,Luticola,Luticola mutica,,,
Luticola_mutica,Luticola_mutica,N,Y,Bacillariophyta,Bacillariophyceae,Naviculales,Diadesmidaceae,Luticola,Luticola mutica,,,
Luticola_ventricosa,Luticola_ventricosa,N,Y,Bacillariophyta,Bacillariophyceae,Naviculales,Diadesmidaceae,Luticola,Luticola ventricosa,,,
Mastogloia,Mastogloia,N,Y,Bacillariophyta,Bacillariophyceae,Mastogloiales,Mastogloiaceae,Mastogloia,,,,
Mastogloia_elliptica_var._danseii,Mastogloia_elliptica_var._danseii,N,Y,Bacillariophyta,Bacillariophyceae,Mastogloiales,Mastogloiaceae,Mastogloia,Mastogloia elliptica,,Mastogloia elliptica var. danseii,
Mastogloia_smithii,Mastogloia_smithii,N,Y,Bacillariophyta,Bacillariophyceae,Mastogloiales,Mastogloiaceae,Mastogloia,Mastogloia smithii,,,
Mastogloia_smithii_var._amphicephala,Mastogloia_smithii_var._amphicephala,N,Y,Bacillariophyta,Bacillariophyceae,Mastogloiales,Mastogloiaceae,Mastogloia,Mastogloia smithii,,Mastogloia smithii var. amphicephala,
Mayamaea_atomus,Mayamaea_atomus,N,Y,Bacillariophyta,Bacillariophyceae,Naviculales,Naviculaceae,Mayamaea,Mayamaea atomus,,,
Melosira_varians,Melosira_varians,N,Y,Bacillariophyta,Bacillariophyceae,Melosirales,Melosiraceae,Melosira,Melosira varians,,,
Meridion_circulare,Meridion_circulare,N,Y,Bacillariophyta,Bacillariophyceae,Fragilariales,Fragilariaceae,Meridion,Meridion circulare,,,
Meridion_circulare_var._constrictum,Meridion_circulare_var._constrictum,N,Y,Bacillariophyta,Bacillariophyceae,Fragilariales,Fragilariaceae,Meridion,Meridion circulare,,Meridion circulare var. constrictum,
Navicula,Navicula,N,Y,Bacillariophyta,Bacillariophyceae,Naviculales,Naviculaceae,Navicula,,,,
Navicula,Navicula,N,Y,Bacillariophyta,Bacillariophyceae,Naviculales,Naviculaceae,Navicula,,,,
Navicula cryptotenella,Navicula_radiosa_var._tenella,Y,Y,Bacillariophyta,Bacillariophyceae,Naviculales,Naviculaceae,Navicula,Navicula cryptotenella,,,
Navicula_canalis,Navicula_canalis,N,Y,Bacillariophyta,Bacillariophyceae,Naviculales,Naviculaceae,Navicula,Navicula canalis,,,
Navicula_capitatoradiata,Navicula_salinarum_var._intermedia,Y,Y,Bacillariophyta,Bacillariophyceae,Naviculales,Naviculaceae,Navicula,Navicula capitatoradiata,,,
Navicula_cari,Navicula_cari,N,Y,Bacillariophyta,Bacillariophyceae,Naviculales,Naviculaceae,Navicula,Navicula cari,,,
Navicula_catalanogermanica,Navicula_catalanogermanica,N,Y,Bacillariophyta,Bacillariophyceae,Naviculales,Naviculaceae,Navicula,Navicula catalanogermanica,,,
Navicula_caterva,Navicula_caterva,N,Y,Bacillariophyta,Bacillariophyceae,Naviculales,Naviculaceae,Navicula,Navicula caterva,,,
Navicula_cincta,Navicula_cincta,N,Y,Bacillariophyta,Bacillariophyceae,Naviculales,Naviculaceae,Navicula,Navicula cincta,,,
Navicula_cincta_var._rostrata,Navicula_cincta_var._rostrata,N,Y,Bacillariophyta,Bacillariophyceae,Naviculales,Naviculaceae,Navicula,Navicula cincta,,Navicula cincta var. rostrata,
Navicula_cryptocephala,Navicula_cryptocephala,N,Y,Bacillariophyta,Bacillariophyceae,Naviculales,Naviculaceae,Navicula,Navicula cryptocephala,,,
Navicula_cryptotenelloides,Navicula_cryptotenelloides,N,Y,Bacillariophyta,Bacillariophyceae,Naviculales,Naviculaceae,Navicula,Navicula cryptotenelloides,,,
Navicula_erifuga,Navicula_erifuga,N,Y,Bacillariophyta,Bacillariophyceae,Naviculales,Naviculaceae,Navicula,Navicula erifuga,,,
Navicula_escambia,Navicula_schroeteri_var._escambia,Y,Y,Bacillariophyta,Bacillariophyceae,Naviculales,Naviculaceae,Navicula,Navicula escambia,,,
Navicula_germainii,Navicula_germainii,N,Y,Bacillariophyta,Bacillariophyceae,Naviculales,Naviculaceae,Navicula,Navicula germainii,,,
Navicula_globulifera,Navicula_venerablis,Y,Y,Bacillariophyta,Bacillariophyceae,Naviculales,Naviculaceae,Navicula,Navicula globulifera,,,
Navicula_gregaria,Navicula_gregaria,N,Y,Bacillariophyta,Bacillariophyceae,Naviculales,Naviculaceae,Navicula,Navicula gregaria,,,
Navicula_lanceolata,Navicula_lanceolata,N,Y,Bacillariophyta,Bacillariophyceae,Naviculales,Naviculaceae,Navicula,Navicula lanceolata,,,
Navicula_libonensis,Navicula_libonensis,N,Y,Bacillariophyta,Bacillariophyceae,Naviculales,Naviculaceae,Navicula,Navicula libonensis,,,
Navicula_margalithii,Navicula_margalithii,N,Y,Bacillariophyta,Bacillariophyceae,Naviculales,Naviculaceae,Navicula,Navicula margalithii,,,
Navicula_menisculus,Navicula_menisculus,N,Y,Bacillariophyta,Bacillariophyceae,Naviculales,Naviculaceae,Navicula,Navicula menisculus,,,
Navicula_moskalii,Navicula_moskalii,N,Y,Bacillariophyta,Bacillariophyceae,Naviculales,Naviculaceae,Navicula,Navicula moskalii,,,
Navicula_notha,Navicula_notha,N,Y,Bacillariophyta,Bacillariophyceae,Naviculales,Naviculaceae,Navicula,Navicula notha,,,
Navicula_oblonga,Navicula_oblonga,N,Y,Bacillariophyta,Bacillariophyceae,Naviculales,Naviculaceae,Navicula,Navicula oblonga,,,
Navicula_peregrina,Navicula_peregrina,N,Y,Bacillariophyta,Bacillariophyceae,Naviculales,Naviculaceae,Navicula,Navicula peregrina,,,
Navicula_pseudolanceolata,Navicula_pseudolanceolata,N,Y,Bacillariophyta,Bacillariophyceae,Naviculales,Naviculaceae,Navicula,Navicula pseudolanceolata,,,
Navicula_radiosa,Navicula_radiosa,N,Y,Bacillariophyta,Bacillariophyceae,Naviculales,Naviculaceae,Navicula,Navicula radiosa,,,
Navicula_recens,Navicula_tripunctata_var._schizonemoides,Y,Y,Bacillariophyta,Bacillariophyceae,Naviculales,Naviculaceae,Navicula,Navicula recens,,,
Navicula_reinhardtii,Navicula_reinhardtii,N,Y,Bacillariophyta,Bacillariophyceae,Naviculales,Naviculaceae,Navicula,Navicula reinhardtii,,,
Navicula_rhynchocephala,Navicula_rhynchocephala,N,Y,Bacillariophyta,Bacillariophyceae,Naviculales,Naviculaceae,Navicula,Navicula rhynchocephala,,,
Navicula_rostellata,Navicula_rostellata,N,Y,Bacillariophyta,Bacillariophyceae,Naviculales,Naviculaceae,Navicula,Navicula rostellata,,,
Navicula_salinarum,Navicula_salinarum,N,Y,Bacillariophyta,Bacillariophyceae,Naviculales,Naviculaceae,Navicula,Navicula salinarum,,,
Navicula_salinicola,Navicula_salinicola,N,Y,Bacillariophyta,Bacillariophyceae,Naviculales,Naviculaceae,Navicula,Navicula salinicola,,,
Navicula_secreta_var._apiculata,Navicula_secreta_var._apiculata,N,Y,Bacillariophyta,Bacillariophyceae,Naviculales,Naviculaceae,Navicula,Navicula secreta,,Navicula secreta var. apiculata,
Navicula_subalpina,Navicula_subalpina,N,Y,Bacillariophyta,Bacillariophyceae,Naviculales,Naviculaceae,Navicula,Navicula subalpina,,,
Navicula_subrhynchocephala,Navicula_subrhynchocephala,N,Y,Bacillariophyta,Bacillariophyceae,Naviculales,Naviculaceae,Navicula,Navicula subrhynchocephala,,,
Navicula_symmetrica,Navicula_schroeteri_var._symmetrica,Y,Y,Bacillariophyta,Bacillariophyceae,Naviculales,Naviculaceae,Navicula,Navicula symmetrica,,,
Navicula_tridentula,Navicula_tridentula,N,Y,Bacillariophyta,Bacillariophyceae,Naviculales,Naviculaceae,Navicula,Navicula tridentula,,,
Navicula_tripunctata,Navicula_tripunctata,N,Y,Bacillariophyta,Bacillariophyceae,Naviculales,Naviculaceae,Navicula,Navicula tripunctata,,,
Navicula_trivialis,Navicula_trivialis,N,Y,Bacillariophyta,Bacillariophyceae,Naviculales,Naviculaceae,Navicula,Navicula trivialis,,,
Navicula_upsaliensis,Navicula_upsaliensis,N,Y,Bacillariophyta,Bacillariophyceae,Naviculales,Naviculaceae,Navicula,Navicula upsaliensis,,,
Navicula_utermoehlii,Navicula_utermoehlii,N,Y,Bacillariophyta,Bacillariophyceae,Naviculales,Naviculaceae,Navicula,Navicula utermoehlii,,,
Navicula_veneta,Navicula_cryptocephala_var._veneta,Y,Y,Bacillariophyta,Bacillariophyceae,Naviculales,Naviculaceae,Navicula,Navicula veneta,,,
Navicula_veneta,Navicula_cryptocephala_var._veneta,Y,Y,Bacillariophyta,Bacillariophyceae,Naviculales,Naviculaceae,Navicula,Navicula veneta,,,
Navicula_viridula,Navicula_viridula,N,Y,Bacillariophyta,Bacillariophyceae,Naviculales,Naviculaceae,Navicula,Navicula viridula,,,
Navicula_viridulacalcis,Navicula_viridulacalis,Y,Y,Bacillariophyta,Bacillariophyceae,Naviculales,Naviculaceae,Navicula,Navicula viridulacalcis,,,
Navicula_vulpina,Navicula_vulpina,N,Y,Bacillariophyta,Bacillariophyceae,Naviculales,Naviculaceae,Navicula,Navicula vulpina,,,
Navicula_walkeri,Navicula_walkeri,N,N,Bacillariophyta,Bacillariophyceae,Naviculales,Naviculaceae,Navicula,Navicula walkeri,,,
Navicymbula_pusilla,Navicymbula_pusilla,N,Y,Bacillariophyta,Bacillariophyceae,Cymbellales,Cymbellaceae,Cymbella,Navicymbula pusilla,,,
Neidium,Neidium,N,Y,Bacillariophyta,Bacillariophyceae,Naviculales,Neidiaceae,Neidium,,,,
Neidium_affine,Neidium_affine,N,Y,Bacillariophyta,Bacillariophyceae,Naviculales,Neidiaceae,Neidium,Neidium affine,,,
Neidium_affine_var._undulatum,Neidium_affine_var._undulatum,N,Y,Bacillariophyta,Bacillariophyceae,Naviculales,Neidiaceae,Neidium,Neidium affine,,Neidium affine var. undulatum,
Neidium_ampliatum,Neidium_ampliatum,N,Y,Bacillariophyta,Bacillariophyceae,Naviculales,Neidiaceae,Neidium,Neidium ampliatum,,,
Neidium_ampliatum_var._alpinum,Neidium_ampliatum_var._alpinum,N,Y,Bacillariophyta,Bacillariophyceae,Naviculales,Neidiaceae,Neidium,Neidium ampliatum,,,
Neidium_dubium,Neidium_dubium,N,Y,Bacillariophyta,Bacillariophyceae,Naviculales,Neidiaceae,Neidium,Neidium dubium,,,
Neidium_dubium_fo._constrictum,Neidium_dubium_f._constrictum,Y,Y,Bacillariophyta,Bacillariophyceae,Naviculales,Neidiaceae,Neidium,Neidium dubium,,,Neidium dubium f. constrictum
Nitzschia,Nitzschia,N,Y,Bacillariophyta,Bacillariophyceae,Bacillariales,Bacillariaceae,Nitzschia,,,,
Nitzschia_acicularis,Nitzschia_acicularis,N,Y,Bacillariophyta,Bacillariophyceae,Bacillariales,Bacillariaceae,Nitzschia,Nitzschia acicularis,,,
Nitzschia_agnewii,Nitzschia_agnewii,N,N,Bacillariophyta,Bacillariophyceae,Bacillariales,Bacillariaceae,Nitzschia,Nitzschia agnewii,,,
Nitzschia_agnita,Nitzschia_agnita,N,Y,Bacillariophyta,Bacillariophyceae,Bacillariales,Bacillariaceae,Nitzschia,Nitzschia agnita,,,
Nitzschia_alpina,Nitzschia_alpina,N,Y,Bacillariophyta,Bacillariophyceae,Bacillariales,Bacillariaceae,Nitzschia,Nitzschia alpina,,,
Nitzschia_amphibia,Nitzschia_amphibia,N,Y,Bacillariophyta,Bacillariophyceae,Bacillariales,Bacillariaceae,Nitzschia,Nitzschia amphibia,,,
Nitzschia_amphibia_fo._frauenfeldii,Nitzschia_amphibia_f._frauenfeldii,Y,Y,Bacillariophyta,Bacillariophyceae,Bacillariales,Bacillariaceae,Nitzschia,Nitzschia amphibia,,,Nitzschia amphibia f. frauenfeldii
Nitzschia_angustata,Nitzschia_angustata,N,Y,Bacillariophyta,Bacillariophyceae,Bacillariales,Bacillariaceae,Nitzschia,Nitzschia angustata,,,
Nitzschia_archibaldii,Nitzschia_archibaldii,N,Y,Bacillariophyta,Bacillariophyceae,Bacillariales,Bacillariaceae,Nitzschia,Nitzschia archibaldii,,,
Nitzschia_desertorum,Nitzschia_desertorum,N,Y,Bacillariophyta,Bacillariophyceae,Bacillariales,Bacillariaceae,Nitzschia,Nitzschia desertorum,,,
Nitzschia_dissipata,Nitzschia_dissipata,N,Y,Bacillariophyta,Bacillariophyceae,Bacillariales,Bacillariaceae,Nitzschia,Nitzschia dissipata,,,
Nitzschia_dissipata_var._media,Nitzschia_dissipata_var._media,N,Y,Bacillariophyta,Bacillariophyceae,Bacillariales,Bacillariaceae,Nitzschia,Nitzschia dissipata,,Nitzschia dissipata var. media,
Nitzschia_draveillensis,Nitzschia_draveillensis,N,Y,Bacillariophyta,Bacillariophyceae,Bacillariales,Bacillariaceae,Nitzschia,Nitzschia draveillensis,,,
Nitzschia_elegantula,Nitzschia_elegantula,N,Y,Bacillariophyta,Bacillariophyceae,Bacillariales,Bacillariaceae,Nitzschia,Nitzschia elegantula,,,
Nitzschia_fasciculata,Nitzschia_fasciculata,N,Y,Bacillariophyta,Bacillariophyceae,Bacillariales,Bacillariaceae,Nitzschia,Nitzschia fasciculata,,,
Nitzschia_filiformis,Nitzschia_filiformis,N,Y,Bacillariophyta,Bacillariophyceae,Bacillariales,Bacillariaceae,Nitzschia,Nitzschia filiformis,,,
Nitzschia_fonticola,Nitzschia_fonticola,N,Y,Bacillariophyta,Bacillariophyceae,Bacillariales,Bacillariaceae,Nitzschia,Nitzschia fonticola,,,
Nitzschia_fonticola,Nitzschia_fonticola_sensu_Cholnoky,Y,Y,Bacillariophyta,Bacillariophyceae,Bacillariales,Bacillariaceae,Nitzschia,Nitzschia fonticola,,,
Nitzschia_fossilis,Nitzschia_fossilis,N,Y,Bacillariophyta,Bacillariophyceae,Bacillariales,Bacillariaceae,Nitzschia,Nitzschia fossilis,,,
Nitzschia_frustulum,Nitzschia_frustulum,N,Y,Bacillariophyta,Bacillariophyceae,Bacillariales,Bacillariaceae,Nitzschia,Nitzschia frustulum,,,
Nitzschia_frustulum_var._subsalina,Nitzschia_frustulum_var._subsalina,N,Y,Bacillariophyta,Bacillariophyceae,Bacillariales,Bacillariaceae,Nitzschia,Nitzschia frustulum,,Nitzschia frustulum var. subsalina,
Nitzschia_gracilis,Nitzschia_gracilis,N,Y,Bacillariophyta,Bacillariophyceae,Bacillariales,Bacillariaceae,Nitzschia,Nitzschia gracilis,,,
Nitzschia_hantzschiana,Nitzschia_hantzschiana,N,Y,Bacillariophyta,Bacillariophyceae,Bacillariales,Bacillariaceae,Nitzschia,Nitzschia hantzschiana,,,
Nitzschia_heufleriana,Nitzschia_heufleriana,N,Y,Bacillariophyta,Bacillariophyceae,Bacillariales,Bacillariaceae,Nitzschia,Nitzschia heufleriana,,,
Nitzschia_homburgiensis,Nitzschia_homburgiensis,N,Y,Bacillariophyta,Bacillariophyceae,Bacillariales,Bacillariaceae,Nitzschia,Nitzschia homburgiensis,,,
Nitzschia_inconspicua,Nitzschia_inconspicua,N,Y,Bacillariophyta,Bacillariophyceae,Bacillariales,Bacillariaceae,Nitzschia,Nitzschia inconspicua,,,
Nitzschia_intermedia,Nitzschia_intermedia,N,Y,Bacillariophyta,Bacillariophyceae,Bacillariales,Bacillariaceae,Nitzschia,Nitzschia intermedia,,,
Nitzschia_lacuum,Nitzschia_lacuum,N,Y,Bacillariophyta,Bacillariophyceae,Bacillariales,Bacillariaceae,Nitzschia,Nitzschia lacuum,,,
Nitzschia_lancettula,Nitzschia_lancettula,N,Y,Bacillariophyta,Bacillariophyceae,Bacillariales,Bacillariaceae,Nitzschia,Nitzschia lancettula,,,
Nitzschia_liebethruthii,Nitzschia_liebethruthii,N,Y,Bacillariophyta,Bacillariophyceae,Bacillariales,Bacillariaceae,Nitzschia,Nitzschia liebethruthii,,,
Nitzschia_linearis,Nitzschia_linearis,N,Y,Bacillariophyta,Bacillariophyceae,Bacillariales,Bacillariaceae,Nitzschia,Nitzschia linearis,,,
Nitzschia_linearis_var._subtilis,Nitzschia_linearis_var._subtilis,N,Y,Bacillariophyta,Bacillariophyceae,Bacillariales,Bacillariaceae,Nitzschia,Nitzschia linearis,,Nitzschia linearis var. subtilis,
Nitzschia_microcephala,Nitzschia_microcephala,N,Y,Bacillariophyta,Bacillariophyceae,Bacillariales,Bacillariaceae,Nitzschia,Nitzschia microcephala,,,
Nitzschia_nana,Nitzschia_nana,N,Y,Bacillariophyta,Bacillariophyceae,Bacillariales,Bacillariaceae,Nitzschia,Nitzschia nana,,,
Nitzschia_obtusa,Nitzschia_obtusa,N,Y,Bacillariophyta,Bacillariophyceae,Bacillariales,Bacillariaceae,Nitzschia,Nitzschia obtusa,,,
Nitzschia_palea,Nitzschia_palea,N,Y,Bacillariophyta,Bacillariophyceae,Bacillariales,Bacillariaceae,Nitzschia,Nitzschia palea,,,
Nitzschia_palea_var._debilis,Nitzschia_palea_var._debilis,N,Y,Bacillariophyta,Bacillariophyceae,Bacillariales,Bacillariaceae,Nitzschia,Nitzschia palea,,Nitzschia palea var. debilis,
Nitzschia_paleacea,Nitzschia_paleacea,N,Y,Bacillariophyta,Bacillariophyceae,Bacillariales,Bacillariaceae,Nitzschia,Nitzschia paleacea,,,
Nitzschia_perminuta,Nitzschia_perminuta,N,Y,Bacillariophyta,Bacillariophyceae,Bacillariales,Bacillariaceae,Nitzschia,Nitzschia perminuta,,,
Nitzschia_pumila,Nitzschia_pumila,N,Y,Bacillariophyta,Bacillariophyceae,Bacillariales,Bacillariaceae,Nitzschia,Nitzschia pumila,,,
Nitzschia_pura,Nitzschia_pura,N,Y,Bacillariophyta,Bacillariophyceae,Bacillariales,Bacillariaceae,Nitzschia,Nitzschia pura,,,
Nitzschia_pusilla,Nitzschia_pusilla,N,Y,Bacillariophyta,Bacillariophyceae,Bacillariales,Bacillariaceae,Nitzschia,Nitzschia pusilla,,,
Nitzschia_recta,Nitzschia_recta,N,Y,Bacillariophyta,Bacillariophyceae,Bacillariales,Bacillariaceae,Nitzschia,Nitzschia recta,,,
Nitzschia_reversa,Nitzschia_reversa,N,Y,Bacillariophyta,Bacillariophyceae,Bacillariales,Bacillariaceae,Nitzschia,Nitzschia reversa,,,
Nitzschia_sigma,Nitzschia_sigma,N,Y,Bacillariophyta,Bacillariophyceae,Bacillariales,Bacillariaceae,Nitzschia,Nitzschia sigma,,,
Nitzschia_sinuata,Nitzschia_sinuata,N,Y,Bacillariophyta,Bacillariophyceae,Bacillariales,Bacillariaceae,Nitzschia,Nitzschia sinuata,,,
Nitzschia_solita,Nitzschia_solita,N,Y,Bacillariophyta,Bacillariophyceae,Bacillariales,Bacillariaceae,Nitzschia,Nitzschia solita,,,
Nitzschia_sublinearis,Nitzschia_sublinearis,N,Y,Bacillariophyta,Bacillariophyceae,Bacillariales,Bacillariaceae,Nitzschia,Nitzschia sublinearis,,,
Nitzschia_tubicole,Nitzschia_tubicole,N,N,Bacillariophyta,Bacillariophyceae,Bacillariales,Bacillariaceae,Nitzschia,Nitzschia tubicole,,,
Nitzschia_valdecostata,Nitzschia_valdecostata,N,Y,Bacillariophyta,Bacillariophyceae,Bacillariales,Bacillariaceae,Nitzschia,Nitzschia valdecostata,,,
Nitzschia_vermicularis,Nitzschia_vermicularis,N,Y,Bacillariophyta,Bacillariophyceae,Bacillariales,Bacillariaceae,Nitzschia,Nitzschia vermicularis,,,
Pinnularia,Pinnularia,N,Y,Bacillariophyta,Bacillariophyceae,Naviculales,Pinnulariaceae,Pinnularia,,,,
Pinnularia_acrosphaeria,Pinnularia_acrosphaeria,N,Y,Bacillariophyta,Bacillariophyceae,Naviculales,Pinnulariaceae,Pinnularia,Pinnularia acrosphaeria,,,
Pinnularia_biceps,Pinnularia_biceps,N,Y,Bacillariophyta,Bacillariophyceae,Naviculales,Pinnulariaceae,Pinnularia,Pinnularia biceps,,,
Pinnularia_borealis,Pinnularia_borealis,N,Y,Bacillariophyta,Bacillariophyceae,Naviculales,Pinnulariaceae,Pinnularia,Pinnularia borealis,,,
Pinnularia_brebissonii,Pinnularia_brebissonii,N,Y,Bacillariophyta,Bacillariophyceae,Naviculales,Pinnulariaceae,Pinnularia,Pinnularia brebissonii,,,
Pinnularia_caudata,Pinnularia_microstauron_var._nonfasciata,Y,Y,Bacillariophyta,Bacillariophyceae,Naviculales,Pinnulariaceae,Pinnularia,Pinnularia caudata,,,
Pinnularia_gibba,Pinnularia_gibba,N,Y,Bacillariophyta,Bacillariophyceae,Naviculales,Pinnulariaceae,Pinnularia,Pinnularia gibba,,,
Pinnularia_interrupta,Pinnularia_interrupta,N,Y,Bacillariophyta,Bacillariophyceae,Naviculales,Pinnulariaceae,Pinnularia,Pinnularia interrupta,,,
Pinnularia_lagerstedtii,Pinnularia_lagerstedtii,N,Y,Bacillariophyta,Bacillariophyceae,Naviculales,Pinnulariaceae,Pinnularia,Pinnularia lagerstedtii,,,
Pinnularia_microstauron,Pinnularia_microstauron,N,Y,Bacillariophyta,Bacillariophyceae,Naviculales,Pinnulariaceae,Pinnularia,Pinnularia microstauron,,,
Pinnularia_neomajor,Pinnularia_neomajor,N,N,Bacillariophyta,Bacillariophyceae,Naviculales,Pinnulariaceae,Pinnularia,Pinnularia neomajor,,,
Pinnularia_obscura,Pinnularia_obscura,N,Y,Bacillariophyta,Bacillariophyceae,Naviculales,Pinnulariaceae,Pinnularia,Pinnularia obscura,,,
Pinnularia_sinistra,Pinnularia_sinistra,N,Y,Bacillariophyta,Bacillariophyceae,Naviculales,Pinnulariaceae,Pinnularia,Pinnularia sinistra,,,
Pinnularia_subcapitata,Pinnularia_subcapitata,N,Y,Bacillariophyta,Bacillariophyceae,Naviculales,Pinnulariaceae,Pinnularia,Pinnularia subcapitata,,,
Pinnularia_subgibba_var._undulata,Pinnularia_subgibba_var._undulata,N,Y,Bacillariophyta,Bacillariophyceae,Naviculales,Pinnulariaceae,Pinnularia,Pinnularia subgibba var. undulata,,,
Pinnularia_viridis,Pinnularia_viridis,N,Y,Bacillariophyta,Bacillariophyceae,Naviculales,Pinnulariaceae,Pinnularia,Pinnularia viridis,,,
Placoneis,Placoneis,N,Y,Bacillariophyta,Bacillariophyceae,Cymbellales,Cymbellaceae,Placoneis,,,,
Placoneis_abiskoensis,Navicula_abiskoensis,Y,Y,Bacillariophyta,Bacillariophyceae,Cymbellales,Cymbellaceae,Placoneis,Placoneis abiskoensis,,,
Placoneis_clementioides,Placoneis_clementioides,N,Y,Bacillariophyta,Bacillariophyceae,Cymbellales,Cymbellaceae,Placoneis,Placoneis clementioides,,,
Placoneis_clementis,Placoneis_clementis,N,Y,Bacillariophyta,Bacillariophyceae,Cymbellales,Cymbellaceae,Placoneis,Placoneis clementis,,,
Placoneis_elginensis,Placoneis_elginensis,N,Y,Bacillariophyta,Bacillariophyceae,Cymbellales,Cymbellaceae,Placoneis,Placoneis elginensis,,,
Placoneis_gastrum,Placoneis_gastrum,N,Y,Bacillariophyta,Bacillariophyceae,Cymbellales,Cymbellaceae,Placoneis,Placoneis gastrum,,,
Placoneis_placentula,Placoneis_placentula,N,Y,Bacillariophyta,Bacillariophyceae,Cymbellales,Cymbellaceae,Placoneis,Placoneis placentula,,,
Placoneis_pseudanglica,Navicula_pseudoanglica,Y,Y,Bacillariophyta,Bacillariophyceae,Cymbellales,Cymbellaceae,Placoneis,Placoneis pseudanglica,,,
Placoneis_pseudanglica,Placoneis_pseudanglica,N,Y,Bacillariophyta,Bacillariophyceae,Cymbellales,Cymbellaceae,Placoneis,Placoneis pseudanglica,,,
Placoneis_pseudanglica,Placoneis_pseudanglica,N,Y,Bacillariophyta,Bacillariophyceae,Cymbellales,Cymbellaceae,Placoneis,Placoneis pseudanglica,,,
Planothidium_daui,Planothidium_daui,N,Y,Bacillariophyta,Bacillariophyceae,Achnanthales,Achnanthaceae,Planothidium,Planothidium daui,,,
Planothidium_delicatulum,Planothidium_delicatulum,N,Y,Bacillariophyta,Bacillariophyceae,Achnanthales,Achnanthaceae,Planothidium,Planothidium delicatulum,,,
Planothidium_dubium,Planothidium_dubium,N,Y,Bacillariophyta,Bacillariophyceae,Achnanthales,Achnanthaceae,Planothidium,Planothidium dubium,,,
Planothidium_engelbrechtii,Achnanthes_engelbrechtii,Y,Y,Bacillariophyta,Bacillariophyceae,Achnanthales,Achnanthaceae,Planothidium,Planothidium engelbrechtii,,,
Planothidium_lanceolatum,Planothidium_lanceolatum,N,Y,Bacillariophyta,Bacillariophyceae,Achnanthales,Achnanthaceae,Planothidium,Planothidium lanceolatum,,,
Planothidium_rostratum,Planothidium_rostratum,N,Y,Bacillariophyta,Bacillariophyceae,Achnanthales,Achnanthaceae,Planothidium,Planothidium rostratum,,,
Pleurosigma_delicatulum,Pleurosigma_delicatulum,N,Y,Bacillariophyta,Bacillariophyceae,Naviculales,Pleurosigmataceae,Pleurosigma,Pleurosigma delicatulum,,,
Pleurosira_laevis,Biddulphia_laevis,Y,Y,Bacillariophyta,Bacillariophyceae,Triceratiales,Triceratiaceae,Pleurosira,Pleurosira laevis,,,
Psammothidium,Psammothidium,N,Y,Bacillariophyta,Bacillariophyceae,Achnanthales,Achnanthaceae,Psammothidium,,,,
Psammothidium,Psammothidium,N,Y,Bacillariophyta,Bacillariophyceae,Achnanthales,Achnanthaceae,Psammothidium,,,,
Psammothidium_abundans_fo._rosenstockii,Achnanthes_linearis_f._curta,Y,Y,Bacillariophyta,Bacillariophyceae,Achnanthales,Achnanthaceae,Psammothidium,Psammothidium abundans,,,Psammothidium abundans f. rosenstockii
Psammothidium_chlidanos,Achnanthes_chlidanos,Y,Y,Bacillariophyta,Bacillariophyceae,Achnanthales,Achnanthaceae,Psammothidium,Psammothidium chlidanos,,,
Psammothidium_helveticum,Achnanthes_helvetica,Y,Y,Bacillariophyta,Bacillariophyceae,Achnanthales,Achnanthaceae,Psammothidium,Psammothidium helveticum,,,
Psammothidium_subatomoides,Psammothidium_subatomoides,N,Y,Bacillariophyta,Bacillariophyceae,Achnanthales,Achnanthaceae,Psammothidium,Psammothidium subatomoides,,,
Pseudostaurosira_brevistriata,Pseudostaurosira_brevistriata,N,Y,Bacillariophyta,Bacillariophyceae,Fragilariales,Fragilariaceae,Pseudostaurosira,Pseudostaurosira brevistriata,,,
Pseudostaurosira_parasitica,Synedra_parasitica,Y,Y,Bacillariophyta,Bacillariophyceae,Fragilariales,Fragilariaceae,Pseudostaurosira,Pseudostaurosira parasitica,,,
Pseudostaurosira_robusta,Fragilaria_robusta,Y,Y,Bacillariophyta,Bacillariophyceae,Fragilariales,Fragilariaceae,Pseudostaurosira,Pseudostaurosira robusta,,,
Pseudostaurosira_subsalina,Pseudostaurosira_subsalina,N,Y,Bacillariophyta,Bacillariophyceae,Fragilariales,Fragilariaceae,Pseudostaurosira,Pseudostaurosira subsalina,,,
Punctastriata_lancettula,Punctastriata_lancettula,N,Y,Bacillariophyta,Bacillariophyceae,Fragilariales,Fragilariaceae,Punctastriata,Punctastriata lancettula,,,
Puncticulata_bodanica,Punticulata_bodanica,Y,Y,Bacillariophyta,Bacillariophyceae,Thalassiosirales,Thalassiosiraceae,Puncticulata,Puncticulata bodanica,,,
Reimeria_sinuata,Cymbella_sinuata,Y,Y,Bacillariophyta,Bacillariophyceae,Cymbellales,Gomphonemataceae,Reimeria,Reimeria sinuata,,,
Reimeria_sinuata,Cymbella_sinuata,Y,Y,Bacillariophyta,Bacillariophyceae,Cymbellales,Gomphonemataceae,Reimeria,Reimeria sinuata,,,
Rexlowea_navicularis,Navicula_semen,Y,Y,Bacillariophyta,Bacillariophyceae,Naviculales,Naviculaceae,Rexlowea,Rexlowea navicularis,,,
Rhoicosphenia_abbreviata,Rhoicosphenia_abbreviata,N,Y,Bacillariophyta,Bacillariophyceae,Cymbellales,Rhoicospheniaceae,Rhoicosphenia,Rhoicosphenia abbreviata,,,
Rhopalodia,Rhopalodia,N,Y,Bacillariophyta,Bacillariophyceae,Rhopalodiales,Rhopalodiaceae,Rhopalodia,,,,
Rhopalodia_gibba,Rhopalodia_gibba,N,Y,Bacillariophyta,Bacillariophyceae,Rhopalodiales,Rhopalodiaceae,Rhopalodia,Rhopalodia gibba,,,
Rhopalodia_gibberula,Rhopalodia_gibberula,N,Y,Bacillariophyta,Bacillariophyceae,Rhopalodiales,Rhopalodiaceae,Rhopalodia,Rhopalodia gibberula,,,
Rhopalodia_musculus,Rhopalodia_musculus,N,Y,Bacillariophyta,Bacillariophyceae,Rhopalodiales,Rhopalodiaceae,Rhopalodia,Rhopalodia musculus,,,
Rhopalodia_musculus_var._succincta,Rhopalodia_musculus_var._succincta,N,N,Bacillariophyta,Bacillariophyceae,Rhopalodiales,Rhopalodiaceae,Rhopalodia,Rhopalodia musculus,,Rhopalodia musculus var. succincta,
Rhopalodia_operculata,Rhopalodia_operculata,N,Y,Bacillariophyta,Bacillariophyceae,Rhopalodiales,Rhopalodiaceae,Rhopalodia,Rhopalodia operculata,,,
Rossithidium_linearis,Achnanthidium_lineare,Y,Y,Bacillariophyta,Bacillariophyceae,Achnanthales,Achnanthaceae,Rossithidium,Rossithidium linearis,,,
Rossithidium_petersenii,Rossithidium_petersenii,N,Y,Bacillariophyta,Bacillariophyceae,Achnanthales,Achnanthaceae,Rossithidium,Rossithidium petersenii,,,
Rossithidium_pusillum,Rossithidium_pusillum,N,Y,Bacillariophyta,Bacillariophyceae,Achnanthales,Achnanthaceae,Rossithidium,Rossithidium pusillum,,,
Rossithidium_pusillum,Rossithidium_pusillum,N,Y,Bacillariophyta,Bacillariophyceae,Achnanthales,Achnanthaceae,Rossithidium,Rossithidium pusillum,,,
Sellaphora_americana,Sellaphora_americana,N,Y,Bacillariophyta,Bacillariophyceae,Naviculales,Sellaphoraceae,Sellaphora,Sellaphora americana,,,
Sellaphora_bacillum,Sellaphora_bacillum,N,Y,Bacillariophyta,Bacillariophyceae,Naviculales,Sellaphoraceae,Sellaphora,Sellaphora bacillum,,,
Sellaphora_capitata,Sellaphora_capitata,N,Y,Bacillariophyta,Bacillariophyceae,Naviculales,Sellaphoraceae,Sellaphora,Sellaphora capitata,,,
Sellaphora_laevissima,Sellaphora_laevissima,N,Y,Bacillariophyta,Bacillariophyceae,Naviculales,Sellaphoraceae,Sellaphora,Sellaphora laevissima,,,
Sellaphora_nigri,Eolimna_minima,Y,Y,Bacillariophyta,Bacillariophyceae,Naviculales,Sellaphoraceae,Sellaphora,Sellaphora nigri,,,
Sellaphora_pupula,Sellaphora_pupula,N,Y,Bacillariophyta,Bacillariophyceae,Naviculales,Sellaphoraceae,Sellaphora,Sellaphora pupula,,,
Sellaphora_pupula,Sellaphora_pupula,N,Y,Bacillariophyta,Bacillariophyceae,Naviculales,Sellaphoraceae,Sellaphora,Sellaphora pupula,,,
Skabitschewskia_peragalloi,Achnanthes_peragalloi,Y,N,Bacillariophyta,Bacillariophyceae,Cocconeidales,Achnanthidiaceae,Skabitschewskia,Skabitschewskia peragalloi,,,
Stauroneis,Stauroneis,N,Y,Bacillariophyta,Bacillariophyceae,Naviculales,Stauroneidaceae,Stauroneis,,,,
Stauroneis_anceps,Stauroneis_anceps,N,Y,Bacillariophyta,Bacillariophyceae,Naviculales,Stauroneidaceae,Stauroneis,Stauroneis anceps,,,
Stauroneis_anceps,Stauroneis_amphicephala,Y,Y,Bacillariophyta,Bacillariophyceae,Naviculales,Stauroneidaceae,Stauroneis,Stauroneis anceps,,,
Stauroneis_heimii,Stauroneis_heimii,N,N,Bacillariophyta,Bacillariophyceae,Naviculales,Stauroneidaceae,Stauroneis,Stauroneis heimii,,,
Stauroneis_kriegeri,Stauroneis_kriegeri,N,Y,Bacillariophyta,Bacillariophyceae,Naviculales,Stauroneidaceae,Stauroneis,Stauroneis kriegeri,,,
Stauroneis_phoenicenteron,Stauroneis_phoenicenteron,N,Y,Bacillariophyta,Bacillariophyceae,Naviculales,Stauroneidaceae,Stauroneis,Stauroneis phoenicenteron,,,
Stauroneis_smithii,Stauroneis_smithii,N,Y,Bacillariophyta,Bacillariophyceae,Naviculales,Stauroneidaceae,Stauroneis,Stauroneis smithii,,,
Staurosira_construens,Staurosira_construens,N,Y,Bacillariophyta,Bacillariophyceae,Fragilariales,Fragilariaceae,Staurosira,Staurosira construens,,,
Staurosira_construens_var._binodis,Fragilaria_construens_f._binodis,Y,Y,Bacillariophyta,Bacillariophyceae,Fragilariales,Fragilariaceae,Staurosira,Staurosira construens,,Staurosira construens var. binodis,
Staurosira_elliptica,Staurosira_elliptica,N,Y,Bacillariophyta,Bacillariophyceae,Fragilariales,Fragilariaceae,Staurosira,Staurosira elliptica,,,
Staurosira_venter,Staurosira_venter,N,Y,Bacillariophyta,Bacillariophyceae,Fragilariales,Fragilariaceae,Staurosira,Staurosira venter,,,
Staurosirella_leptostauron,Staurosirella_leptostauron,N,Y,Bacillariophyta,Bacillariophyceae,Fragilariales,Fragilariaceae,Staurosirella,Staurosirella leptostauron,,,
Staurosirella_leptostauron_var._dubia,Staurosirella_dubia,Y,Y,Bacillariophyta,Bacillariophyceae,Fragilariales,Fragilariaceae,Staurosirella,Staurosirella leptostauron,,Staurosirella leptostauron var. dubia,
Staurosirella_leptostauron_var._dubia,Staurosirella_dubia,Y,Y,Bacillariophyta,Bacillariophyceae,Fragilariales,Fragilariaceae,Staurosirella,Staurosirella leptostauron,,Staurosirella leptostauron var. dubia,
Staurosirella_martyi,Martyana_martyi._Staurosirella_martyi,Y,Y,Bacillariophyta,Bacillariophyceae,Fragilariales,Fragilariaceae,Staurosirella,Staurosirella martyi,,,
Staurosirella_pinnata,Staurosirella_pinnata,N,Y,Bacillariophyta,Bacillariophyceae,Fragilariales,Fragilariaceae,Staurosirella,Staurosirella pinnata,,,
Staurosirella_pinnata,Fragilaria_pinnata_var._acuminatum,Y,Y,Bacillariophyta,Bacillariophyceae,Fragilariales,Fragilariaceae,Staurosirella,Staurosirella pinnata,,,
Staurosirella_pinnata_var._intercedens,Staurosirella_pinnata_var._intercedens,N,Y,Bacillariophyta,Bacillariophyceae,Fragilariales,Fragilariaceae,Staurosirella,Staurosirella pinnata,,Staurosirella pinnata var. intercedens,
Stephanodiscus,Stephanodiscus,N,Y,Bacillariophyta,Bacillariophyceae,Thalassiosirales,Stephanodiscaceae,Stephanodiscus,,,,
Stephanodiscus_hantzschii,Stephanodiscus_hantzschii,N,Y,Bacillariophyta,Bacillariophyceae,Thalassiosirales,Stephanodiscaceae,Stephanodiscus,Stephanodiscus hantzschii,,,
Stephanodiscus_niagarae,Stephanodiscus_niagarae,N,Y,Bacillariophyta,Bacillariophyceae,Thalassiosirales,Stephanodiscaceae,Stephanodiscus,Stephanodiscus niagarae,,,
Surirella,Surirella,N,Y,Bacillariophyta,Bacillariophyceae,Surirellales,Surirellaceae,Surirella,,,,
Surirella,Surirella,N,Y,Bacillariophyta,Bacillariophyceae,Surirellales,Surirellaceae,Surirella,,,,
Surirella_amphioxys,Surirella_amphioxys,N,Y,Bacillariophyta,Bacillariophyceae,Surirellales,Surirellaceae,Surirella,Surirella amphioxys,,,
Surirella_angusta,Surirella_angusta,N,Y,Bacillariophyta,Bacillariophyceae,Surirellales,Surirellaceae,Surirella,Surirella angusta,,,
Surirella_brebissonii,Surirella_brebissonii,N,Y,Bacillariophyta,Bacillariophyceae,Surirellales,Surirellaceae,Surirella,Surirella brebissonii,,,
Surirella_elegans,Surirella_elegans,N,Y,Bacillariophyta,Bacillariophyceae,Surirellales,Surirellaceae,Surirella,Surirella elegans,,,
Surirella_linearis,Surirella_linearis,N,Y,Bacillariophyta,Bacillariophyceae,Surirellales,Surirellaceae,Surirella,Surirella linearis,,,
Surirella_linearis_var._helvetica,Surirella_linearis_var._helvetica,N,Y,Bacillariophyta,Bacillariophyceae,Surirellales,Surirellaceae,Surirella,Surirella linearis,,Surirella linearis var. helvetica,
Surirella_minuta,Surirella_minuta,N,Y,Bacillariophyta,Bacillariophyceae,Surirellales,Surirellaceae,Surirella,Surirella minuta,,,
Surirella_ovalis,Surirella_ovalis,N,Y,Bacillariophyta,Bacillariophyceae,Surirellales,Surirellaceae,Surirella,Surirella ovalis,,,
Surirella_spiralis,Surirella_spiralis,N,Y,Bacillariophyta,Bacillariophyceae,Surirellales,Surirellaceae,Surirella,Surirella spiralis,,,
Surirella_tenera,Surirella_tenera,N,Y,Bacillariophyta,Bacillariophyceae,Surirellales,Surirellaceae,Surirella,Surirella tenera,,,
Synedra_acus,Synedra_acus,N,Y,Bacillariophyta,Bacillariophyceae,Fragilariales,Fragilariaceae,Synedra,Synedra acus,,,
Synedra_delicatissima,Synedra_delicatissima,N,Y,Bacillariophyta,Bacillariophyceae,Fragilariales,Fragilariaceae,Synedra,Synedra delicatissima,,,
Synedra_famelica,Synedra_famelica,N,Y,Bacillariophyta,Bacillariophyceae,Fragilariales,Fragilariaceae,Synedra,Synedra famelica,,,
Synedra_mazamaensis,Synedra_mazamaensis,N,Y,Bacillariophyta,Bacillariophyceae,Fragilariales,Fragilariaceae,Synedra,Synedra mazamaensis,,,
Synedra_nana,Synedra_nana,N,N,Bacillariophyta,Bacillariophyceae,Fragilariales,Fragilariaceae,Synedra,Synedra nana,,,
Synedra_rumpens,Synedra_rumpens,N,Y,Bacillariophyta,Bacillariophyceae,Fragilariales,Fragilariaceae,Synedra,Synedra rumpens,,,
Synedra_rumpens_var._familiaris,Synedra_rumpens_var._familiaris,N,Y,Bacillariophyta,Bacillariophyceae,Fragilariales,Fragilariaceae,Synedra,Synedra rumpens,,Synedra rumpens var. familiaris,
Synedra_ulna_var._danica,Synedra_ulna_var._danica,N,Y,Bacillariophyta,Bacillariophyceae,Fragilariales,Fragilariaceae,Synedra,Synedra ulna,,Synedra ulna var. danica,
Tabellaria_fenestrata,Tabellaria_fenestrata,N,Y,Bacillariophyta,Bacillariophyceae,Tabellariales,Tabellariaceae,Tabellaria,Tabellaria fenestrata,,,
Tabellaria_flocculosa,Tabellaria_flocculosa,N,Y,Bacillariophyta,Bacillariophyceae,Tabellariales,Tabellariaceae,Tabellaria,Tabellaria flocculosa,,,
Tabularia_fasciculata,Tabularia_fasciculata,N,Y,Bacillariophyta,Bacillariophyceae,Fragilariales,Fragilariaceae,Tabularia,Tabularia fasciculata,,,
Thalassiosira_pseudonana,Thalassiosira_pseudonana,N,Y,Bacillariophyta,Bacillariophyceae,Thalassiosirales,Thalassiosiraceae,Thalassiosira,Thalassiosira pseudonana,,,
Tryblionella,Tryblionella,N,Y,Bacillariophyta,Bacillariophyceae,Bacillariales,Bacillariaceae,Tryblionella,,,,
Tryblionella_apiculata,Tryblionella_apiculata,N,Y,Bacillariophyta,Bacillariophyceae,Bacillariales,Bacillariaceae,Tryblionella,Tryblionella apiculata,,,
Tryblionella_calida,Tryblionella_calida,N,Y,Bacillariophyta,Bacillariophyceae,Bacillariales,Bacillariaceae,Tryblionella,Tryblionella calida,,,
Tryblionella_hungarica,Tryblionella_hungarica,N,Y,Bacillariophyta,Bacillariophyceae,Bacillariales,Bacillariaceae,Tryblionella,Tryblionella hungarica,,,
Tryblionella_littoralis,Tryblionella_littoralis,N,Y,Bacillariophyta,Bacillariophyceae,Bacillariales,Bacillariaceae,Tryblionella,Tryblionella littoralis,,,
Tryblionella_salinarum,Tryblionella_salinarum,N,Y,Bacillariophyta,Bacillariophyceae,Bacillariales,Bacillariaceae,Tryblionella,Tryblionella salinarum,,,
Ulnaria_capitata,Synedra_dilatata._Fragilaria_dilatata,Y,Y,Bacillariophyta,Bacillariophyceae,Fragilariales,Fragilariaceae,Ulnaria,Ulnaria capitata,,,
Ulnaria_contracta,Ulnaria_contracta,N,Y,Bacillariophyta,Bacillariophyceae,Fragilariales,Fragilariaceae,Ulnaria,Ulnaria contracta,,,
Ulnaria_oxyrhyncus,Synedra_ulna_var._oxyrhynchus,Y,Y,Bacillariophyta,Bacillariophyceae,Fragilariales,Fragilariaceae,Ulnaria,Ulnaria oxyrhyncus,,,
Ulnaria_ulna,Ulnaria_ulna,N,Y,Bacillariophyta,Bacillariophyceae,Fragilariales,Fragilariaceae,Ulnaria,Ulnaria ulna,,,
Ulnaria_ulna_var._subaequalis,Synedra_ulna_var._subaequalis,Y,Y,Bacillariophyta,Bacillariophyceae,Fragilariales,Fragilariaceae,Ulnaria,Ulnaria ulna,,Ulnaria ulna var. subaequalis,
